{
    "experiment": "InceptionV3_Original_Data",
    "dataset": "Original MICCAI 2023 (no augmentation)",
    "timestamp": "2025-10-27T10:48:45.018726",
    "total_images": 684,
    "train_size": 547,
    "val_size": 137,
    "hyperparameters": {
        "image_size": 256,
        "batch_size": 16,
        "initial_epochs": 50,
        "learning_rate": 0.0001,
        "dropout": 0.6,
        "l2_reg": 0.001
    },
    "metrics": {
        "accuracy": 0.8394160866737366,
        "precision": 0.8429305217626385,
        "recall": 0.8394160583941606,
        "f1_score": 0.8382342718109141,
        "mcc": 0.6797005528278315
    },
    "overfitting_check": {
        "train_val_gap": 0.0934306740760803,
        "overfitting": false,
        "finetuned": true
    }
}